{
  "original": {
    "mode": "original",
    "params": 596049920,
    "new_params": 0,
    "patch_layers": [],
    "lambada": {
      "accuracy": 39.99611876576751,
      "correct": 2061,
      "total": 5153,
      "perplexity": 12.756675296423591,
      "avg_nll": 2.5460546872592325,
      "time": 157.03136801719666
    },
    "hellaswag": {
      "accuracy": 44.71220872336188,
      "correct": 4490,
      "total": 10042,
      "time": 1215.3493432998657
    }
  },
  "hopfield": {
    "mode": "hopfield",
    "params": 596049924,
    "new_params": 4,
    "patch_layers": [
      24,
      25,
      26,
      27
    ],
    "lambada": {
      "accuracy": 21.13332039588589,
      "correct": 1089,
      "total": 5153,
      "perplexity": 66.4413785078744,
      "avg_nll": 4.1963200326917205,
      "time": 161.80097103118896
    },
    "hellaswag": {
      "accuracy": 44.941246763592915,
      "correct": 4513,
      "total": 10042,
      "time": 1246.3331463336945
    }
  },
  "augmented": {
    "mode": "augmented",
    "params": 604717060,
    "new_params": 8667140,
    "patch_layers": [
      24,
      25,
      26,
      27
    ],
    "lambada": {
      "accuracy": 27.55676305065011,
      "correct": 1420,
      "total": 5153,
      "perplexity": 40.5212212501807,
      "avg_nll": 3.7018258183680732,
      "time": 166.56060647964478
    },
    "hellaswag": {
      "accuracy": 46.2158932483569,
      "correct": 4641,
      "total": 10042,
      "time": 1285.966388463974
    }
  }
}