{
  "hellaswag": {
    "original": {
      "accuracy": 0.4471220872336188,
      "ci_95": [
        0.43741968199289993,
        0.45686493275507456
      ]
    },
    "hopfield": {
      "accuracy": 0.45598486357299345,
      "ci_95": [
        0.44626220311390336,
        0.46574118618667065
      ],
      "vs_original": {
        "diff": 0.008862776339374656,
        "z_statistic": 1.2619529444919872,
        "p_value": 0.20696571903669203,
        "significant_05": false,
        "significant_01": false,
        "cohens_h": 0.017809591306754635
      }
    },
    "augmented": {
      "accuracy": 0.45867357100179246,
      "ci_95": [
        0.4489453806510038,
        0.468433367221707
      ],
      "vs_original": {
        "diff": 0.011551483768173665,
        "z_statistic": 1.644366211741006,
        "p_value": 0.10010058006921346,
        "significant_05": false,
        "significant_01": false,
        "cohens_h": 0.023206702826414016
      }
    }
  },
  "lambada": {
    "original": {
      "accuracy": 0.39996118765767513,
      "ci_95": [
        0.38666478128264864,
        0.4134066368067147
      ]
    },
    "hopfield": {
      "accuracy": 0.2402483989908791,
      "ci_95": [
        0.22877965238668269,
        0.25210413638657214
      ],
      "vs_original": {
        "diff": -0.15971278866679603,
        "z_statistic": -17.37751562809834,
        "p_value": 1.221309310686242e-67,
        "significant_05": true,
        "significant_01": true,
        "cohens_h": -0.34483228937634136
      }
    },
    "augmented": {
      "accuracy": 0.24801086745585096,
      "ci_95": [
        0.23641024710330885,
        0.25998691369017
      ],
      "vs_original": {
        "diff": -0.15195032020182417,
        "z_statistic": -16.480702367297614,
        "p_value": 5.049481190122684e-61,
        "significant_05": true,
        "significant_01": true,
        "cohens_h": -0.3267614577662037
      }
    }
  }
}