{
  "hellaswag": {
    "original": {
      "accuracy": 0.4471220872336188,
      "ci_95": [
        0.43741968199289993,
        0.45686493275507456
      ]
    },
    "hopfield": {
      "accuracy": 0.4494124676359291,
      "ci_95": [
        0.4397045293241493,
        0.45915909457786785
      ],
      "vs_original": {
        "diff": 0.0022903804023103325,
        "z_statistic": 0.3263396473256213,
        "p_value": 0.7441673944511795,
        "significant_05": false,
        "significant_01": false,
        "cohens_h": 0.004605482383821746
      }
    },
    "augmented": {
      "accuracy": 0.462158932483569,
      "ci_95": [
        0.452423998686185,
        0.4719228065948514
      ],
      "vs_original": {
        "diff": 0.015036845249950193,
        "z_statistic": 2.139815546131024,
        "p_value": 0.03236967634601099,
        "significant_05": true,
        "significant_01": false,
        "cohens_h": 0.0301993880052307
      }
    }
  },
  "lambada": {
    "original": {
      "accuracy": 0.39996118765767513,
      "ci_95": [
        0.38666478128264864,
        0.4134066368067147
      ]
    },
    "hopfield": {
      "accuracy": 0.2113332039588589,
      "ci_95": [
        0.20040355637286175,
        0.2226929216250587
      ],
      "vs_original": {
        "diff": -0.18862798369881623,
        "z_statistic": -20.78360553905569,
        "p_value": 6.090813802099085e-96,
        "significant_05": true,
        "significant_01": true,
        "cohens_h": -0.4140221368231458
      }
    },
    "augmented": {
      "accuracy": 0.27556763050650107,
      "ci_95": [
        0.26353902296281406,
        0.28793060850246
      ],
      "vs_original": {
        "diff": -0.12439355715117406,
        "z_statistic": -13.350568489629518,
        "p_value": 1.175484043272463e-40,
        "significant_05": true,
        "significant_01": true,
        "cohens_h": -0.2640573505454171
      }
    }
  }
}